{"cameraMode":{"drawMode":0,"name":"Shaded","section":"Shading Mode"},"sceneLighting":false,"audioPlay":false,"sceneViewState":{"showFog":true,"showMaterialUpdate":true,"showSkybox":true,"showFlares":true,"showImageEffects":true,"showParticleSystems":true},"in2DMode":false,"pivot":{"x":877.85546875,"y":5.406306743621826,"z":558.0941772460938},"rotation":{"x":0.017978262156248094,"y":-0.04857465624809265,"z":0.0008739206823520362,"w":0.9986637234687805},"size":14.058734893798829,"orthographic":false}