{"cameraMode":{"drawMode":0,"name":"Shaded","section":"Shading Mode"},"sceneLighting":false,"audioPlay":false,"sceneViewState":{"showFog":true,"showMaterialUpdate":false,"showSkybox":false,"showFlares":true,"showImageEffects":true,"showParticleSystems":true},"in2DMode":false,"pivot":{"x":739.8070068359375,"y":1.8679999113082886,"z":350.4049987792969},"rotation":{"x":-0.08298757672309876,"y":0.9115809202194214,"z":-0.22773724794387818,"w":-0.3322533369064331},"size":2.857883930206299,"orthographic":false}